Store,POS,Shift number,Shift opening time,Shift opened,Shift closing time,Shift closed,Starting cash,Cash payments,Cash refunds,Paid in,Paid out,Expected cash amount,Actual cash amount,Difference
Smash Bros Burgers (Rawai),Smash Brothers - Rawai (Main POS),537,7/1/25 5:39 PM,Cashier Night Shift,7/2/25 2:07 AM,Cashier Night Shift,2500.00,4700.00,0.00,0.00,2889.00,4311.00,4311.00,0.00
Smash Bros Burgers (Rawai),Smash Brothers - Rawai (Main POS),536,6/30/25 5:51 PM,Cashier Night Shift,7/1/25 2:05 AM,Cashier Night Shift,2500.00,1816.00,0.00,0.00,2513.00,1803.00,2500.00,697.00
Smash Bros Burgers (Rawai),Smash Brothers - Rawai (Main POS),535,6/29/25 5:45 PM,Cashier Night Shift,6/30/25 2:14 AM,Cashier Night Shift,2500.00,4446.00,0.00,0.00,2737.00,4209.00,4209.00,0.00
Smash Bros Burgers (Rawai),Smash Brothers - Rawai (Main POS),534,6/28/25 6:01 PM,Cashier Night Shift,6/29/25 2:25 AM,Cashier Night Shift,2500.00,6547.00,0.00,0.00,3575.00,5472.00,5525.00,53.00
Smash Bros Burgers (Rawai),Smash Brothers - Rawai (Main POS),533,6/27/25 5:44 PM,Cashier Night Shift,6/28/25 2:05 AM,Cashier Night Shift,2500.00,4145.00,0.00,0.00,2412.00,4233.00,4233.00,0.00
Smash Bros Burgers (Rawai),Smash Brothers - Rawai (Main POS),532,6/26/25 6:03 PM,Cashier Night Shift,6/27/25 2:04 AM,Cashier Night Shift,2500.00,5127.00,0.00,0.00,2508.00,5119.00,5119.00,0.00
