Store,POS,Shift number,Shift opening time,Shift opened,Shift closing time,Shift closed,Starting cash,Cash payments,Cash refunds,Paid in,Paid out,Expected cash amount,Actual cash amount,Difference
Smash Bros Burgers (Rawai),Smash Brothers - Rawai (Main POS),540,7/3/25 6:13 PM,Cashier Night Shift,7/5/25 2:07 AM,Cashier Night Shift,2500.00,7072.80,0.00,0.00,3282.00,6290.80,3387.00,-2903.80
Smash Bros Burgers (Rawai),Smash Brothers - Rawai (Main POS),539,7/3/25 6:12 PM,Cashier Night Shift,7/3/25 6:13 PM,Cashier Night Shift,0.00,0.00,0.00,0.00,0.00,0.00,0.00,0.00
Smash Bros Burgers (Rawai),Smash Brothers - Rawai (Main POS),538,7/2/25 5:55 PM,Cashier Night Shift,7/3/25 2:21 AM,Cashier Night Shift,2500.00,6889.00,160.00,0.00,2114.00,7115.00,7115.00,0.00
Smash Bros Burgers (Rawai),Smash Brothers - Rawai (Main POS),537,7/1/25 5:39 PM,Cashier Night Shift,7/2/25 2:07 AM,Cashier Night Shift,2500.00,4700.00,0.00,0.00,2889.00,4311.00,4311.00,0.00
Smash Bros Burgers (Rawai),Smash Brothers - Rawai (Main POS),536,6/30/25 5:51 PM,Cashier Night Shift,7/1/25 2:05 AM,Cashier Night Shift,2500.00,1816.00,0.00,0.00,2513.00,1803.00,2500.00,697.00
